machine_id,maintenance_date,operating_hours,temperature,vibration_level,age,failure
52,2023-09-05,9989,77.33241100938943,1.025679625835898,15,1
93,2020-11-10,1394,69.02002744852048,3.927307432714162,13,1
15,2022-05-26,9461,98.84001642553297,5.533711897497718,11,0
72,2023-11-01,4732,55.536029666315784,5.0313247255154,19,1
61,2023-08-05,3714,71.12742141559723,1.9386306793689267,8,0
21,2021-10-23,529,52.10123375857027,8.588167711681546,8,1
83,2020-10-03,2958,86.99520603834651,6.769407829968373,10,1
87,2021-09-15,7904,95.90382760995753,8.379083748518037,16,0
75,2021-05-30,3591,64.00186647752447,8.587642793494721,19,1
75,2023-10-05,6895,92.91708383995604,7.483558536657398,11,1
88,2022-04-22,9131,64.61091152309488,4.392106012497173,13,1
24,2020-12-15,525,95.53850808219576,6.105467550154246,9,1
3,2022-04-02,6477,87.6980951798392,1.6036540611974315,19,0
22,2023-03-06,1,90.24533884207193,6.736454174749077,16,1
53,2022-01-28,374,50.90032778002273,1.7925325573928075,7,1
2,2022-06-17,4648,98.1405178537013,6.939495905101568,19,0
88,2020-08-30,2365,86.33354960351616,2.2959816075396864,12,1
30,2021-06-26,1525,65.23755476930667,1.1755130015021997,15,1
38,2022-11-29,1646,91.46973324294234,1.6528449014295743,14,1
2,2020-08-16,13,64.0760599207465,0.01992135219070268,11,1
64,2021-07-01,4599,93.6376919783064,7.187396178535303,10,0
60,2022-07-08,2278,55.62901952059685,7.324010490583791,11,1
21,2023-05-31,3155,85.18429887303978,5.149333499132594,6,0
33,2020-01-06,8321,77.03492383224551,1.613628010553837,2,1
76,2023-09-07,3814,54.82672350977204,0.8355433751068975,11,1
58,2021-04-12,3216,62.09469141294195,0.1912896643728701,19,1
22,2020-03-15,8219,50.62020181386574,1.657481769652207,6,0
89,2020-01-04,2113,73.43839827322529,8.908555349831467,14,1
49,2021-10-07,9444,65.06326303800002,2.4153684170168175,6,1
91,2020-04-27,4356,79.91787421488795,3.542713272172157,17,0
59,2022-05-30,5543,64.86189038543085,1.0534548448133318,10,0
42,2021-05-18,4555,64.99595557534923,2.223613047481703,1,0
92,2022-08-04,7062,87.15965993658017,5.192245707802051,3,0
60,2021-07-27,3374,52.40714179891767,6.077526830956526,8,1
80,2020-07-12,6430,95.14474975959936,2.4535231416621106,8,1
15,2022-04-26,3466,92.61319371955906,0.5773215922511721,15,1
62,2021-12-15,3081,83.39023416132034,3.9103286912739863,7,1
62,2023-11-16,629,79.66107850536922,2.342033709263341,11,0
47,2022-11-15,269,94.61512490698262,2.195539232298019,7,1
62,2023-12-29,5724,59.26650897643572,9.598628027134552,4,1
51,2020-06-21,5897,53.948458109541434,6.16300485925724,12,1
55,2023-08-16,3432,61.9755084954769,5.5687844317209585,6,1
64,2020-11-21,9472,89.72891393500952,4.157751035233219,14,0
3,2023-12-04,6276,51.733513336324165,4.289443334301443,12,1
51,2023-02-15,5895,79.14034175417449,5.4090500383808084,11,1
7,2022-04-15,7115,99.7718758095655,6.964298070361073,19,1
21,2021-12-24,6656,92.78480469187697,7.021460961818295,5,0
73,2020-08-12,575,76.07228445217947,1.7169390770544957,14,0
39,2021-06-15,7029,53.18204546433212,5.0011275207662695,16,1
18,2020-04-22,6099,91.5686757192855,4.119580950341019,13,1
4,2020-05-19,9499,79.94892540886053,8.705269662693842,4,1
89,2021-07-12,3192,55.746649852978344,6.314189212183764,11,0
60,2020-01-01,3178,54.69286424116781,5.325040664159818,17,1
14,2020-03-30,6052,95.48134097182961,1.1539464217891737,7,1
9,2021-10-15,2734,83.46001314690392,6.056378893234115,14,1
90,2020-11-15,6116,91.46433996583778,1.1720390568023342,11,0
53,2020-05-18,3568,93.94894501411336,3.3720657556575206,9,1
2,2022-04-24,9847,78.58861760241611,1.4284196481433187,13,1
84,2020-09-15,9771,75.87231758775206,6.920736470243689,18,0
92,2022-06-20,2203,71.5213705160495,2.062521138361526,11,0
60,2021-11-20,1390,65.84732938955597,3.91859373188026,15,1
71,2020-01-10,1742,71.72979804293558,8.956747776187786,19,0
44,2020-09-17,1925,88.69398278650782,2.043163833989703,1,1
8,2020-06-20,619,80.09617155075658,5.078050639587791,4,0
47,2022-06-16,1274,94.62616449774231,4.19271661166022,14,0
35,2020-01-13,956,72.16900071895938,0.18124041045729733,14,1
78,2023-04-06,1939,80.35447893593769,7.927581135728127,3,1
81,2020-11-16,3953,81.56537765459944,0.6904590631459973,17,1
36,2023-09-04,968,79.58485811531628,4.7425502097695365,3,0
50,2020-11-24,9508,85.13168865427582,5.606782949389499,16,1
4,2022-02-23,9235,61.871673418740315,6.284264566145871,14,1
2,2022-02-15,281,75.61818887728953,6.886316293078756,13,1
6,2022-06-29,6262,55.21124014041738,2.532723835227151,15,1
54,2023-12-13,1058,69.22556638224063,0.09978776658449373,14,1
4,2023-01-23,4293,74.38335343106323,7.2344366235491195,19,0
54,2020-11-13,5178,82.61121297727362,5.356565993475786,6,1
93,2020-08-23,6980,97.52655262931017,8.361177032072488,10,1
63,2020-11-29,9200,80.03255332741779,8.213883629006943,15,0
18,2021-01-10,1229,87.17969580882799,8.433261677878832,6,1
90,2023-03-06,9227,75.31330297476013,4.850946599795401,10,1
44,2021-08-10,4585,81.70520156881656,3.3362839583686563,7,1
34,2021-05-27,8467,53.54661080668867,7.9155820259137,17,1
74,2023-08-12,2740,62.71957904209235,4.51294113029255,18,1
62,2023-09-05,2289,68.09265466025693,1.834421964034345,17,0
14,2022-07-06,1239,73.62466775032567,8.549740195614744,9,0
95,2023-10-04,5370,52.282437275119186,8.825598767723474,10,0
48,2022-05-22,125,57.001204877665884,4.663097561401701,10,1
15,2023-06-06,7473,63.84071538956529,0.7569972730978747,7,0
72,2020-09-26,9400,98.57663454505254,3.8782608991693124,16,1
78,2022-03-08,5342,66.56735035515254,8.035376594626033,18,1
87,2023-08-07,7351,74.10205290560413,9.017740285462287,6,1
62,2021-12-25,6638,59.80488563691965,2.0347274249759586,1,0
40,2023-04-03,6570,80.5390035537884,0.6697361202527152,1,0
85,2020-01-05,3249,64.03416077579871,8.773504531328387,12,0
80,2022-04-30,9110,60.34962892192134,3.894049389788753,2,1
82,2023-11-03,7595,75.82863142229895,5.417609642675632,4,0
53,2020-03-18,6294,50.27528995802104,9.680658120507589,17,1
24,2023-12-04,6527,50.383201632461265,0.6656472791422285,4,0
26,2021-07-27,5757,60.95344045509289,6.483180074520956,11,0
89,2020-05-11,1969,51.83606812504106,0.7410542257486707,4,1
60,2021-08-23,891,55.40128770653457,3.7546892846650035,1,1
41,2022-12-01,4470,66.94303246693758,8.038145451934467,7,0
29,2020-03-29,7175,90.12928397899064,4.334722327556344,18,0
15,2021-02-05,9556,78.60243216846504,9.971823539029504,9,0
45,2020-10-22,8320,75.63338629782082,5.590592849466022,3,1
65,2023-08-11,9206,64.67444116040608,3.2116215263595347,8,1
89,2021-09-07,9991,96.58768597164081,2.2011132590475313,19,0
71,2022-03-10,6812,69.85075206185958,3.5052053428616183,4,0
9,2021-02-25,7519,54.35463833978857,3.725332737595508,18,1
88,2022-11-12,4612,80.85332580589007,0.6871367772396098,11,0
1,2021-07-28,9710,55.69191967383007,3.6957419942677316,14,1
8,2020-05-22,1198,67.2611571400846,4.642385197392249,18,1
88,2022-09-19,5238,75.37059693589045,7.227377522388046,16,1
63,2021-10-26,6089,93.71112623425878,6.56729484721608,3,1
11,2020-05-24,6257,74.67732901700593,7.087656552291542,15,1
81,2023-06-02,7705,85.11293830158321,0.08363681876857099,4,1
8,2022-10-03,3719,99.64084194995351,2.1766739958053605,5,0
35,2021-05-17,302,56.57445599489908,6.616842883998565,17,1
35,2022-03-31,986,63.73657627597598,4.839893681797472,7,1
33,2020-04-13,4440,69.72880377988233,0.05313475668345946,16,0
5,2022-11-28,4909,71.09140892694157,8.044946424318223,14,1
41,2020-07-16,3072,70.55105376327728,7.728095732903374,16,0
28,2021-08-01,3124,95.38055012782775,5.484191629935626,7,1
7,2021-01-25,9519,85.70163222334281,0.6646332577627212,9,0
73,2023-04-17,8125,80.39526070453519,7.665150495325847,4,0
72,2021-07-07,3291,65.46863589313911,5.8371358773136395,11,1
12,2022-11-04,4033,91.18951921106473,7.8195997715795915,2,1
34,2023-08-05,5105,97.75302557424945,7.517469923958404,12,1
33,2021-04-22,703,91.05991412751132,8.03002071957837,12,1
48,2023-06-08,8133,50.078255259573645,5.1800806640462485,4,0
23,2022-07-11,574,81.82006850917035,1.40324518193515,18,0
62,2021-02-23,5704,52.556769072105034,6.711574733796887,7,0
88,2020-06-05,7848,62.880361016686095,6.204737850519706,1,1
37,2021-07-03,5208,52.97623501738858,7.422531871990872,13,0
99,2023-01-25,6924,80.18977264746938,1.698810060507353,6,1
44,2022-10-17,3828,84.32949567463034,1.9497519990028922,6,1
86,2022-09-23,3230,55.72438190329525,8.904095172193285,12,0
91,2023-12-05,488,69.19194415224898,7.499777984520708,8,1
35,2022-08-08,7114,72.8118254477771,9.08228488700323,19,0
65,2020-10-15,9539,68.45265108804583,7.587153211639207,5,1
99,2023-07-01,3173,56.05125002425965,5.971553059903019,18,0
47,2020-07-14,1667,70.94738950937378,6.5413273702787365,5,1
78,2021-08-20,9829,87.55890239042091,8.891279239400099,10,0
3,2021-05-31,4114,53.550383226662774,5.7880675451194055,1,0
1,2022-05-14,3553,54.00900070409517,6.323913243283874,10,1
5,2023-02-15,7761,67.73856459179922,1.5647671600360058,5,1
90,2022-03-16,1000,97.08628558094625,4.739212201161028,12,0
14,2023-03-28,9042,83.42863233614571,7.16397111958099,7,1
27,2022-03-25,1388,83.93349783362824,2.709426983163654,9,1
9,2020-08-15,5450,68.09599954189325,2.022541805245349,12,1
79,2020-08-03,3712,79.68303956042692,3.1382680822441555,1,0
15,2022-08-05,1367,50.50655920138717,2.4150062799283347,11,0
90,2020-01-15,8189,81.80480232047711,2.1491263703639585,15,1
42,2023-03-26,9013,95.66434737881184,4.24850842868087,2,1
77,2023-07-08,454,80.62867341724096,9.07838513883534,7,0
51,2023-03-26,9816,93.68492967331724,5.070596467387183,12,1
63,2020-02-16,2772,86.19865277330469,1.8792038081532303,18,0
96,2020-11-19,3726,56.02792082018451,0.7697166938087407,3,1
52,2022-04-23,7232,95.12266536429209,6.961561451379252,7,1
96,2020-05-09,4806,53.322192217788746,3.827987644363878,11,1
4,2023-12-05,2190,76.6983736273882,8.218309465853594,18,0
94,2020-04-04,9108,57.10685618967288,6.595107686407702,12,0
23,2021-09-18,2875,50.5853305365452,7.962414505413685,6,0
15,2022-01-24,5592,71.10171300638194,2.7194603941844875,5,0
43,2023-08-08,1440,64.75203538270782,6.9235892246105815,1,1
29,2022-03-04,8927,74.30002468988015,2.640619846937188,12,1
36,2023-07-30,6059,78.85999433672754,9.390684794502915,11,0
13,2020-03-09,7010,52.186953615447365,6.363742815333744,4,1
32,2020-01-11,7117,56.15016475618728,3.245118001753421,18,1
71,2023-07-01,9153,77.93211982252127,2.6951186229227266,4,0
59,2022-05-21,2989,67.15836765863291,1.909265850716435,17,1
86,2021-07-03,9218,86.45867437747239,6.946409588937278,2,1
28,2023-03-03,6228,82.614582429597,2.187156129979273,2,0
66,2021-12-12,6471,92.28021814949534,5.953032659274891,12,1
42,2020-01-23,2863,84.62464133346126,2.646350269253573,6,1
45,2022-03-25,1177,71.49655386950741,6.619689447938686,10,1
62,2020-12-11,4760,83.64833111972162,8.149397285405392,16,0
57,2020-10-28,11,63.76905871277093,7.780252431446532,14,0
6,2020-12-28,5252,65.31567493891063,7.608513309307817,7,1
28,2021-01-30,4399,89.44925799603966,1.8772240569225207,19,1
28,2020-08-05,8234,72.32097582007911,0.8838494698451871,17,1
44,2020-05-20,9135,89.91901702591763,6.989488284873856,9,0
84,2022-08-15,5445,91.12111868341393,3.683472137943513,13,0
30,2023-05-18,6570,92.8781168830642,4.3234622640334734,5,0
62,2022-09-11,9196,95.83176179206036,0.31149092793391064,5,1
75,2022-09-19,8212,71.5492610256648,2.595764492750492,10,1
92,2022-04-07,406,65.94334091605694,0.3367640387446402,10,1
89,2021-11-13,9206,79.1099373297057,8.791857726012477,7,1
62,2022-09-30,4431,68.55862117188138,2.4339668321853045,15,1
97,2020-12-21,5243,80.05370834001165,5.5733716957300805,7,0
1,2022-10-04,6542,85.27929313219123,0.3897932066113041,15,1
27,2023-09-09,6936,84.42025092460685,6.66847391305658,3,1
62,2023-03-02,8906,68.72764435100606,3.230273457540939,19,1
77,2022-06-06,4146,58.34301008493764,8.979191869576658,10,0
3,2020-05-06,140,71.52646692311038,8.881181889340358,15,1
70,2023-02-03,4882,57.12970720409544,3.252906183617478,3,0
72,2022-10-05,6012,94.50485175919042,9.009608956904678,6,0
27,2021-08-26,963,67.29387303689288,9.961576734987789,12,0
9,2023-11-02,7151,57.72298736116619,8.254156641239481,15,0
62,2022-10-10,8564,51.272387995287545,8.448713477552289,6,0
37,2020-02-20,3610,82.29111931432422,2.4900873610908993,13,1
97,2022-11-18,9884,81.84511587273715,5.767023988577563,19,1
51,2023-08-12,6894,67.03020832906458,0.6725591396736785,3,0
44,2023-08-13,7311,53.58559444238255,0.9491793682166971,8,0
24,2022-02-17,105,70.4814447447616,9.988926120332906,8,0
79,2023-12-01,5539,65.56087475316968,3.2663924942591094,15,1
59,2022-03-24,9873,83.85603198675047,7.481839120488464,4,1
32,2023-11-29,6787,80.28896247263452,8.066650530268165,19,0
96,2023-10-01,2137,68.229686409877,8.580232710072291,3,1
88,2021-02-23,4445,60.894627712749504,9.976282974021565,13,1
52,2023-04-20,3530,99.40179830777959,2.414964852568678,8,0
62,2022-09-09,1286,72.70008105980574,0.40350826859699707,16,0
58,2022-04-04,7052,84.41371178901186,4.11191517994586,13,1
52,2022-10-21,3654,57.02764837891804,1.3008066982894695,3,1
12,2021-07-20,7102,74.27948498296989,0.22425889162055124,16,1
39,2021-01-05,2359,51.37683599347327,3.604268271414861,9,0
2,2022-07-24,8105,75.2727558955225,7.837382510752365,14,0
3,2021-10-22,8636,98.20087035588512,5.661806912250709,13,0
56,2023-12-25,6441,69.21033564929002,3.1277798921035407,7,1
81,2022-08-26,5047,51.94980062874558,6.543420054927197,15,1
59,2023-08-25,8227,51.54778954596718,2.320181803088107,7,0
2,2023-03-06,5203,69.39933799734348,0.14381446072085025,6,1
2,2020-07-20,9667,58.001246823159704,7.643533864364274,2,0
92,2023-12-30,1798,51.167604816409295,6.237430848640091,9,1
54,2020-11-08,9600,87.81068069750884,7.6230262450096,17,0
87,2020-04-26,5291,72.92615044409453,0.3893801668766561,5,1
96,2022-07-25,5495,64.46223859863272,8.371196278306522,12,1
97,2021-07-28,9900,95.00415915082404,6.195262000363034,1,0
1,2020-08-31,6284,55.80694801002628,5.633953507126401,10,0
19,2021-06-20,7285,97.79594144776595,6.246140481145316,11,0
2,2020-03-15,1300,65.69833586886764,8.644332468683642,16,0
53,2021-01-20,6869,94.42018361543407,5.86936506558907,14,0
44,2023-05-18,9435,80.14714382397308,5.809503798881793,8,1
90,2021-04-19,3097,91.33536798707436,9.906791570657658,17,0
32,2021-02-21,4616,99.2006581605232,7.56730167068568,18,0
70,2020-12-12,9,64.42027189093729,4.422938054511353,12,0
32,2021-10-01,5752,98.05677427037965,7.073970000329277,17,0
68,2022-07-27,9852,69.47409474512102,3.892304716917885,14,0
55,2022-08-12,6295,69.27559523684612,2.28875462483499,16,1
75,2022-05-25,4815,67.01935521272529,5.968518768877594,14,0
56,2022-02-01,1072,77.07038036737926,9.281820981139514,9,0
17,2023-04-17,3225,57.707252158924355,9.291395200154627,4,0
38,2023-04-20,1316,77.68557426790056,3.419052781054903,11,1
24,2021-10-25,5699,77.0852406205002,5.276774662216949,6,1
69,2020-01-25,6807,88.0950906302435,2.116358985698612,15,0
98,2023-04-18,6674,91.68249809687927,9.956311094988834,5,0
70,2021-12-10,3683,72.0220675156212,9.811179078679357,11,1
86,2023-03-30,7227,65.11666246757468,6.495089297074474,18,1
11,2020-06-25,3273,62.96674486585472,8.044140596774733,13,1
16,2020-10-11,7000,59.73119183524359,7.151001612837,11,0
97,2020-03-03,145,52.882379109951245,5.931582190394682,14,0
73,2022-09-29,5010,67.12239894173567,0.533479969888977,18,1
59,2021-10-23,3040,63.512384606539165,4.54764342552661,19,0
70,2021-10-27,9654,98.32086929332037,6.747863021674105,15,1
80,2020-06-04,9776,77.8854413125022,6.775316138836846,9,1
93,2022-12-08,482,67.36385195152538,3.7312261842238357,8,1
3,2022-08-24,3179,79.0233800496848,9.416919866580306,1,0
20,2022-04-28,1249,56.95983506728477,1.67357032236781,4,1
59,2023-01-12,630,72.20218746011014,5.003594462155606,14,1
36,2023-10-16,8853,81.31171607105318,6.908839765508228,2,0
19,2021-11-19,2852,74.44489158962257,6.971358058918092,16,1
90,2020-05-27,987,70.08894003271621,6.486389567688155,3,0
67,2020-12-07,7622,99.6924194449849,2.7528821345186016,8,1
19,2021-04-20,7327,94.01573810744635,1.5620656868662197,6,0
20,2022-12-22,9738,81.17029790797201,6.3594032682671084,16,1
96,2023-10-15,8841,78.46886805911414,5.993021161394378,16,1
71,2021-07-14,9160,81.0330239912292,1.7935601028924097,7,1
52,2020-11-22,1100,60.065605391121665,7.051391455705634,13,1
33,2023-03-10,6652,69.75688716321594,4.551719917336564,13,1
40,2022-09-16,8632,51.972976644544964,6.6776059160315295,5,0
39,2020-08-02,7421,73.77730187434133,8.373670797701507,18,0
82,2021-03-10,5016,77.15122919788315,1.6972842857692316,15,1
1,2022-08-09,769,61.38748680516048,0.1914486799683668,18,1
11,2021-12-23,1343,98.20144235827568,7.791025863957868,2,1
92,2023-09-03,4358,95.4727305468621,6.096974251526159,10,0
57,2020-02-01,9769,86.1071617727953,6.996395696221217,13,0
89,2021-10-31,6780,76.66933143826813,8.381549749886425,18,1
50,2020-10-11,6602,93.49845798238425,8.028109348245005,15,0
23,2023-08-21,2349,56.532617191173145,9.609201469288246,12,1
31,2021-03-04,5699,89.52548971374425,5.359350788521182,15,1
94,2020-10-12,1241,56.24104069834242,4.884956326599053,13,1
42,2023-03-13,1125,89.71053312747027,4.018871998907301,18,0
99,2023-12-18,9382,63.78837841256785,1.5369104284420454,15,1
7,2022-11-08,6764,93.85452905090945,5.726072328820225,11,1
16,2020-01-18,5101,97.2021046912699,2.7701252432597876,19,1
90,2022-02-07,7843,57.43979847025578,9.213075122129755,3,0
60,2021-08-12,72,73.13378025326968,5.8319080427709755,7,0
2,2023-10-26,5472,99.04936890813426,5.928401805081101,14,0
1,2023-04-13,5189,74.17037179865733,3.5492466087701002,14,1
48,2022-10-06,2472,93.17737612572725,0.5198935197770749,13,0
12,2020-07-12,707,79.436576106566,0.3174376537298862,12,1
69,2021-05-16,1804,68.76649539598009,4.233351441531975,9,0
37,2022-09-14,6704,64.28917777629351,0.8456537809723785,1,1
32,2023-02-10,3713,60.16115455430436,6.068469555401391,19,0
9,2020-04-23,5051,88.08990956888486,8.809730056396575,11,1
99,2023-05-30,2475,69.3270253411514,8.829148165187222,19,0
19,2022-08-04,3610,75.56377311003756,6.590454101322324,18,0
48,2022-04-10,4255,74.6162740000591,2.1123183147293103,12,0
80,2023-07-11,7397,78.86395146165657,8.629968313588721,1,1
3,2022-07-13,1735,93.2788572812276,8.860934353132082,19,0
20,2020-02-24,9777,99.03696717917147,1.966535849529587,17,0
24,2022-03-10,8258,70.37921042869084,7.374260857706773,5,0
54,2022-02-16,7979,91.37594610531515,2.8651954892712297,3,0
33,2020-06-10,2428,88.22638973273588,8.026403123529297,2,1
24,2023-11-04,7426,78.67644757277867,9.972378999036026,3,0
75,2020-03-27,8533,97.80235718059666,0.30026005329392813,8,1
72,2020-02-24,5249,60.023725776420136,8.973658657909318,16,1
36,2023-04-16,5291,55.46321051548107,6.226305335986581,6,1
38,2023-11-15,2817,92.69809834777111,9.733826191648213,13,1
84,2023-10-04,9424,71.95749083168741,4.650095175264276,16,0
99,2022-10-28,3874,92.34844271035303,8.473879305713737,16,1
89,2022-04-12,9686,94.65451025977075,0.6239406859827723,3,1
99,2020-11-08,4211,53.122879680953574,3.352790500782957,13,1
25,2022-01-28,661,94.17323814930303,0.6701653775120997,14,1
93,2021-03-18,3374,72.4159527684711,9.753431334790704,8,0
18,2020-11-23,9208,75.52162445021162,8.169739072718368,12,0
82,2022-12-13,207,81.32962555466051,8.525474212459706,8,1
66,2022-01-30,2665,96.31913033650434,9.379652314338943,9,1
54,2023-06-16,2493,50.9558047214882,0.8510348611978535,1,1
35,2023-06-06,6813,73.84217341589085,3.8559759251333334,6,0
80,2021-08-01,632,84.38610212152804,0.7103488904400213,19,0
61,2022-12-10,3083,86.13534788491143,2.107931015500286,11,0
41,2022-10-03,3719,84.6266215768554,2.293657770376724,11,0
33,2023-07-11,7123,56.72175647040609,4.691072110475787,13,0
68,2023-12-12,1679,64.96977941858407,2.685621674536426,11,1
33,2020-04-05,236,67.93577627085068,1.009781068177611,18,0
14,2023-01-16,7446,90.22186038397524,1.674910890941077,15,0
21,2023-01-06,4443,63.93799362072765,1.4727556355209093,1,1
48,2023-08-04,6770,60.53524819336016,9.730767979122984,7,0
20,2023-02-17,9732,97.87240095190481,7.592925069184736,13,0
8,2022-03-24,6099,50.443164255673445,9.67761465269562,12,0
7,2021-05-05,8555,99.89104278409891,4.397404865079086,18,1
67,2021-03-27,2368,83.84106494286978,2.783684816626566,19,0
17,2020-06-13,285,91.42346497245586,7.982931972091867,15,1
33,2020-06-30,148,64.73096981730966,3.262539180411468,8,1
48,2021-04-13,4037,50.715763883353,2.9938337370534827,19,0
76,2022-06-28,6549,86.8934759280765,2.325059922078312,10,0
59,2022-01-04,7121,91.7072298500338,1.2967897822423535,7,0
86,2022-04-02,9958,87.02380659767596,2.5646306101676597,18,0
22,2022-08-01,4895,57.14251436504193,3.553197484738877,16,1
30,2020-01-07,5280,87.67139611284846,6.739942081457304,6,0
38,2020-11-25,1012,88.44613910538206,0.6256484221945158,9,1
51,2022-02-13,9715,82.92702578350274,2.1050693966534295,13,1
54,2020-05-30,2785,88.30579663977932,8.090236402916764,8,1
8,2023-01-13,3725,92.2960719838866,1.4692192358377076,16,1
27,2020-05-26,4576,80.68020571187293,3.4264514652252154,13,1
27,2023-11-05,5782,54.430235698483955,8.6465892185814,13,0
98,2022-07-03,6257,74.38139048336055,1.5492531114344266,17,1
21,2023-08-01,9793,53.88246673358025,0.827368356181899,5,1
30,2021-11-30,2408,70.37715155162154,4.845379950800108,17,0
97,2020-03-22,340,70.35532445628138,3.024195112785364,9,0
28,2021-05-28,2817,53.30049220701208,5.634083644838541,2,1
64,2022-03-25,2496,67.44102669847396,8.038048904834751,18,1
97,2021-12-09,5962,55.54990493956574,1.3714848815274316,9,0
69,2022-01-15,5299,90.4117605004611,5.80699084554285,6,1
61,2022-10-19,9917,97.38440129822354,5.055087603898639,11,0
48,2023-11-10,7574,53.61582376289693,1.4407878601319957,6,0
19,2021-12-07,1689,97.75576036458507,6.2399848552898245,6,1
4,2021-04-15,3267,76.12882996683726,2.7364041786077165,13,0
35,2023-02-16,4406,64.9782838976937,4.878343185440125,11,1
64,2021-01-30,8453,53.84310376380817,0.8227232427706188,14,1
49,2020-09-17,1442,75.0312134035209,4.595840572136231,2,1
17,2022-03-15,8597,89.72577722453744,3.0646346804282034,8,0
44,2022-07-22,4437,85.35432386333491,8.223812111853544,3,1
92,2023-07-03,5435,52.51130057319869,0.5697872699736828,3,0
30,2022-06-23,8435,53.645091768395176,4.1860727491833,1,1
93,2023-06-03,4107,70.14366413163185,4.58431424131438,19,1
46,2022-12-12,560,64.76452470239717,7.250060762991187,18,0
6,2022-07-28,8785,61.619216152802395,5.74287575090211,17,1
99,2022-05-03,5548,64.05022494543567,6.672123371941811,13,1
37,2023-10-19,1826,90.17413716484424,7.770492856517562,3,0
24,2023-07-27,7629,96.46140268159269,8.622029736581888,1,0
93,2021-08-15,8325,70.25513472637832,3.1387549672247053,4,0
46,2021-12-14,3138,95.30555010662485,5.38022705363903,13,1
53,2023-03-27,7693,66.0747850623941,8.401080784391999,17,0
95,2021-09-23,8264,73.82184931718959,9.894511309650564,11,0
99,2020-02-28,7842,61.30144989079999,8.895193110437631,2,1
60,2020-05-07,6721,82.0238021087922,3.714672626243768,16,0
97,2022-01-05,7002,98.94905575874044,1.9516651721865041,2,1
63,2021-12-21,4225,80.17465480216893,4.893925374065887,19,1
85,2023-02-12,2978,67.89070420567745,7.416414518360423,19,0
32,2023-05-17,7373,82.39087229952642,4.925690707532976,16,1
87,2021-06-09,5907,56.14603392326938,4.831808633136685,19,0
33,2021-06-04,6097,94.43295401326993,8.382304210818006,9,0
67,2021-07-05,5656,75.15419753899181,3.6140377906718637,1,0
18,2020-08-24,8984,72.4674871019821,8.597946748116456,10,0
25,2023-07-28,4259,79.29323942267595,4.068048009517236,19,1
95,2023-10-14,8286,81.23919313947013,3.282331056783394,1,1
54,2023-05-09,5901,53.58879031132565,4.53989911199699,2,0
58,2023-07-25,9325,84.13086106117012,7.624469586748685,16,0
67,2023-06-12,4917,62.09658401577648,1.2600202786399428,12,1
46,2021-05-08,8429,85.69763162532949,1.9641921587201738,8,0
24,2020-01-04,2530,91.12673971920984,9.514448256630919,18,1
32,2021-10-27,1960,90.197925377626,1.7549162738135737,2,0
47,2021-03-17,7045,77.62504837039445,5.6772731793105455,13,1
86,2020-01-29,1048,76.00849461553756,5.793144666619378,6,1
23,2023-02-06,5772,57.14379806697059,4.896244620502448,6,1
66,2021-09-01,2529,88.76730752015678,6.447452485768186,9,0
27,2022-03-15,2964,63.570469022335715,2.2982672579761845,16,0
2,2020-03-15,7137,74.83477114089733,5.526622677767482,11,0
90,2022-04-17,963,64.21370464637583,3.7217325524689713,7,0
17,2023-03-15,536,56.691418149984656,6.61667259629189,10,0
33,2020-05-07,7340,81.47788484458682,1.4122354337314946,10,1
9,2020-02-11,7179,52.71660174114519,5.708774168394762,18,1
43,2023-10-11,7967,87.43226170631,1.852703553833237,9,1
48,2020-02-10,8734,65.87933976305584,2.786430631150364,15,1
39,2022-07-22,845,50.00673465022427,2.1870980032358323,4,1
93,2020-02-03,5777,75.55645696186149,1.828377798688171,8,1
42,2022-11-06,3036,52.34259542638016,8.25710951560667,9,1
26,2023-03-22,5947,63.80847789104497,2.857075676608903,13,0
99,2022-09-24,2494,85.3488243727858,9.271237818644494,9,1
50,2023-11-02,2719,53.13448108109329,9.699265253451909,4,0
25,2021-08-10,1884,91.96692461780012,5.712604699370973,17,1
24,2020-12-07,4349,50.19099613292916,1.430011226657264,16,1
13,2020-01-27,5179,62.34119346009511,3.7454824337958126,15,0
60,2023-08-03,6610,87.04520280760357,7.9773226334821405,3,1
7,2021-10-07,6430,65.81350748646534,3.673907286970705,5,0
57,2021-12-31,7154,55.094619403300676,0.8701721830278875,5,1
36,2020-06-16,6488,68.0116959400214,5.567849109281879,15,0
45,2021-09-01,4737,63.51966431922628,8.451208514960348,18,1
20,2020-09-24,6525,92.13559510802774,7.959263871435024,15,0
65,2022-03-31,3850,65.66739587925716,1.7512314013035324,2,0
8,2021-03-30,689,89.44662358880036,6.727646144124667,13,1
16,2022-06-24,5175,94.59360724053673,2.205042634356471,4,1
14,2023-11-25,8648,71.69087097882648,2.1820753455217226,10,0
76,2022-07-10,5078,95.4971571927196,8.740717733051852,13,1
87,2022-09-07,5448,68.86590269815964,2.4966895274023013,10,0
15,2021-12-02,1179,98.20392082450542,2.632473465180112,9,1
92,2021-09-25,9074,54.46447622627865,0.006533907612995549,8,0
98,2020-05-09,6406,84.35096332516213,8.706690341255177,3,1
66,2022-10-16,8591,74.69070202284644,7.925948132091348,16,0
32,2023-10-18,6907,69.38244027278236,6.27328935090678,14,1
87,2022-03-29,8800,81.63559393743004,7.502657639388422,9,0
63,2021-11-23,1638,85.19285458171656,1.520485674244918,11,0
86,2023-08-08,5671,50.21816348251546,4.583235945875755,3,1
51,2023-10-26,6928,58.347654437359935,3.512193873487809,5,1
25,2022-03-04,1382,85.65230253171593,0.9377652625701649,10,0
58,2020-01-29,1403,83.31927067891033,4.861304852149241,13,0
63,2020-05-28,9011,98.30237525643386,9.207396503426354,4,0
62,2023-08-12,3292,88.05188951253915,0.4005911905069448,13,0
22,2020-01-11,9011,97.53863538656691,2.9146091349379386,12,1
58,2021-11-06,419,85.12702507674035,2.0754093620570346,5,0
58,2023-02-10,4517,64.90261043197216,2.381466536656963,10,0
86,2020-07-05,3302,55.268246112542826,9.084345518793754,9,0
49,2022-03-17,7857,89.09119316724679,4.6806905423429015,7,1
52,2022-01-13,9700,82.2074610737958,4.662994129398188,2,0
42,2023-06-04,7870,52.40930061966481,7.605756424552823,7,1
70,2023-08-26,5693,68.00252329504892,1.544922040049258,8,1
15,2020-04-07,767,97.8399907742143,4.872653541000508,7,1
54,2020-02-24,2044,75.02005728551006,4.2998521412105974,14,1
60,2021-09-14,1549,71.63645680098523,5.969106905466561,19,1
97,2021-10-25,9956,72.8849802579647,9.995577032504386,5,1
8,2022-01-27,6140,60.444136200258185,7.694488940820471,18,1
53,2021-02-09,3716,68.43535854323976,3.978657030174272,12,0
60,2020-03-09,4481,68.49066279935883,8.27553052274047,17,0
5,2023-08-28,7898,52.61775100937362,1.7070836331248018,13,1
68,2023-08-05,6548,88.37838142589591,0.30463686308960125,2,0
6,2022-01-20,2293,70.82522159519395,2.0444837246427303,13,0
96,2023-03-17,4837,91.10899434082117,3.4041155611425964,7,1
94,2023-06-21,7758,92.51740005599477,5.105807574595599,10,0
47,2022-08-15,6793,60.599702734932904,6.151291405411998,6,1
99,2020-12-30,7638,82.86767410850644,9.106057172144217,3,0
55,2021-04-26,7993,73.6140902081491,5.0985400955045765,3,1
40,2020-07-19,6007,94.00783689607425,5.012756446257294,18,1
52,2020-06-02,5542,60.787033958822704,0.5024300982298213,11,0
16,2020-03-13,9092,83.89066001550222,0.3491155265622381,5,0
13,2021-12-13,6356,80.38760611263612,5.511599619163721,19,1
30,2020-10-22,8433,64.76507387859164,4.381786132483445,19,1
19,2022-11-06,7380,56.83004518255863,8.391803949802986,15,1
17,2023-05-25,2385,82.58198802386383,1.6067958471184518,16,0
63,2020-03-01,4268,86.92987290661654,0.24971662117049598,9,0
19,2022-07-27,671,65.78136718816751,4.490387679301259,4,0
92,2020-02-11,163,82.2416302011157,2.374785567522575,15,0
58,2020-01-25,8656,69.75654538057516,0.4961437333883745,12,1
55,2022-11-28,4592,85.66034416413089,7.24598286847629,3,1
90,2020-05-10,4795,59.96076374470265,1.1159299995724747,14,1
90,2023-06-06,4798,94.51075013180872,6.083195000077717,17,1
62,2020-04-17,6036,64.37047982327898,2.8104975016688916,19,0
23,2020-06-20,2355,68.38929938780765,1.7349605035502202,6,1
9,2023-12-29,5887,52.90459760401749,3.7975152291931744,4,1
12,2020-04-11,7961,55.57561061606382,8.014457762229537,7,0
1,2022-05-15,5827,75.7930951356164,3.9209357690457267,19,0
58,2021-06-07,8737,63.379633836398575,7.507696492110557,17,1
1,2020-10-01,4719,91.77401128710972,1.2548629679915069,16,0
34,2022-12-03,593,50.734669432747694,7.727714196650791,15,1
96,2022-03-27,4839,68.95470243359681,2.3693332490664867,8,0
48,2022-08-14,7394,66.86727733845464,6.773931298888728,19,0
89,2022-11-06,9651,50.966381545880054,5.657815548409964,8,1
1,2020-11-25,3493,56.21841995002551,9.291447172116873,18,0
16,2020-01-12,6164,70.68213374593176,3.87322517975314,16,1
61,2023-09-03,2672,74.64322922237233,0.6616518883444045,19,0
64,2020-08-03,4200,70.21448736274345,0.19155485551252904,10,0
63,2020-12-04,16,76.5468839206047,8.26858560972753,17,0
69,2021-10-22,3191,79.75658374528408,5.247356376614322,13,0
22,2023-01-09,392,50.49619105639178,7.752440518349493,13,0
93,2021-01-08,8616,73.2047579726752,2.3442560001151467,7,1
67,2022-09-02,6272,98.17496204437941,3.450837455132337,10,0
76,2021-12-10,571,75.95161400647743,0.3010387221131894,2,1
26,2023-05-08,3631,83.87711337294766,9.614923245741121,4,0
16,2021-04-10,6172,65.59319289584415,6.678679067008134,6,1
51,2023-01-17,9312,88.69956890763812,9.332050877593062,18,0
86,2023-07-15,7177,88.64607409380575,2.6549640742907235,6,1
57,2021-05-03,8433,76.06480238270694,6.114636112256608,17,1
29,2020-02-16,3897,98.80069116396068,6.784999682926378,14,0
78,2023-08-04,8123,56.27751073813267,3.1754970025758844,11,0
92,2022-02-16,2279,50.84738324447905,8.4810923501563,19,0
69,2022-11-05,8980,88.50791058785481,9.471614629002477,2,1
47,2021-12-11,7451,90.35777686824413,8.848551176960044,3,1
94,2021-02-04,8906,56.01036145602881,7.390669759393726,11,0
62,2022-09-07,775,63.2791416479303,2.7746467972495403,6,0
69,2023-01-14,6869,50.877618168331445,2.8161604210563174,14,1
76,2020-09-06,2247,64.66543053902824,9.633603204460378,19,1
16,2021-01-25,7088,88.65709369593358,0.10284495935692028,16,0
90,2020-11-30,78,75.89802638562895,7.160499732421445,7,1
90,2021-09-20,8080,67.40477965841441,7.062461625552622,8,0
48,2020-05-16,7099,68.58696474531652,6.226895409497974,19,0
85,2022-06-01,3926,50.06768128577341,9.901088460868658,16,0
39,2021-11-18,9047,64.9900263782618,3.1187943576372525,7,1
33,2022-04-06,7340,82.32293708189653,3.399718637932482,9,1
94,2021-12-27,7083,98.70972219081786,0.7893940294655555,13,1
23,2021-08-16,6230,92.35304134919497,4.4279813654373745,1,1
10,2023-05-31,9223,51.17974823227646,2.610485262348481,8,0
69,2022-09-16,4940,94.92803023374196,3.433867021776442,4,1
34,2021-01-06,3271,89.15992066493129,8.345717902556277,3,0
52,2022-07-23,3456,89.01880617854903,9.354845135274957,3,0
95,2022-09-21,7788,72.89978795017858,1.8573307200518563,13,0
10,2021-02-05,8599,69.90026464772514,3.7250893155346585,8,1
19,2021-09-06,7650,65.14578644165962,9.286305621153941,7,0
58,2023-07-20,2711,53.284742947718286,0.6180846068922263,1,0
96,2023-03-28,1668,61.41176817468495,0.9236052811137851,16,1
1,2023-03-21,147,62.33018174890123,1.6279098920622936,6,0
69,2022-09-21,6420,74.20385348551008,5.952128341268748,7,1
4,2021-09-11,365,87.3722203298347,1.5047227100599747,12,1
16,2020-07-06,9866,73.69049141989733,9.680763814507335,9,1
24,2023-01-26,4531,52.89222247235803,4.467145272585204,11,0
80,2020-05-10,5330,97.8894900494102,5.015179603501664,10,1
2,2022-03-15,5510,97.13621595470562,2.466586158054065,1,1
92,2023-04-09,8754,89.25947715742042,4.709602524347335,18,1
32,2022-07-24,8964,99.56639507821103,6.619136326370115,4,1
91,2022-09-12,6493,77.22411664001315,7.511771369540428,5,0
84,2020-07-01,5439,98.13841751266031,7.53868082709913,9,1
24,2022-09-09,9765,53.78025203083754,5.7789111269408835,17,0
12,2020-12-29,6511,68.28403741306857,9.043597749938572,3,1
50,2020-02-08,7504,61.26906340033829,8.174078473061094,16,0
35,2021-05-11,1246,59.7916542067135,7.570481146986254,5,1
33,2023-10-04,3839,57.0401474446338,0.5560552168046062,16,0
33,2022-09-08,8551,81.12068207829984,0.06877962219649314,3,1
61,2022-07-09,2376,89.06609278736525,2.1244727719547294,15,0
51,2023-11-21,3009,78.91491997101804,6.635235939134523,3,0
43,2021-12-22,9154,57.34813547941049,4.111974888825458,14,0
12,2023-03-30,1827,90.55618849667354,4.0240625929931175,16,1
67,2020-01-16,6979,81.79773535818643,8.845868882296138,17,0
65,2021-05-07,9805,69.40828530634977,8.955628481318387,18,0
33,2023-12-20,9832,83.70651477680315,9.091752640535857,18,0
40,2023-02-05,8569,62.995248962141645,3.138780765150273,14,0
74,2022-06-12,4285,67.25961042471053,6.910558127392617,18,1
43,2020-11-06,6910,95.87429215659951,2.7163318127436966,15,0
44,2022-01-08,8561,64.52522528357102,1.9060983307444979,15,0
29,2023-04-08,2196,73.49941340789684,1.8463245734736922,6,0
13,2021-06-29,3747,94.50705686980073,3.4210762086359403,15,1
12,2021-02-17,8843,85.38606751337637,4.299576197798217,18,0
95,2020-09-07,5978,53.110161308235135,8.309491710550684,4,0
46,2022-01-28,5607,57.36515221394852,1.198910934727121,8,0
2,2023-03-10,769,50.392079538595844,7.349258473948942,15,0
35,2023-07-21,780,81.54608951145818,5.314549141893053,3,1
87,2023-12-10,9908,72.38367127052092,2.879453426759925,15,0
81,2022-11-28,6303,56.713742545113774,4.928195845328246,13,0
90,2022-03-24,3983,97.89670605283852,2.9994206977702262,9,1
8,2020-01-29,9503,76.482986197281,5.96081955238306,2,1
93,2022-08-15,8714,62.09466470564446,4.338439228552442,8,1
26,2021-04-21,521,75.03017855773538,1.6440552907887873,17,0
74,2020-11-13,9127,83.98101663675538,1.1658307455569672,13,1
90,2020-09-01,7569,53.81196089867822,5.466956820721301,1,0
34,2022-01-17,5784,63.7351907523946,9.024130332861034,2,1
7,2021-11-27,4583,90.34827454419968,3.4395768655768553,15,0
68,2020-09-28,5946,72.98324352013306,7.330001072226232,12,1
58,2023-06-16,4941,77.32885710161474,6.586613549397669,14,0
75,2021-01-11,6267,71.64080011047346,9.31554914309481,2,1
29,2020-09-22,7128,52.194997132150256,8.209810172991409,18,0
36,2022-07-14,2461,58.2874889910078,5.66605258905463,7,0
89,2022-07-09,685,72.27708193709455,6.570304982341073,6,0
21,2023-10-14,2160,60.459273270396395,8.983864665840349,14,0
36,2020-12-05,7031,52.49895143298394,3.995187845869348,8,0
10,2021-01-23,9759,92.18248320259119,3.2679470585777737,2,0
73,2021-07-30,5341,99.0596264582058,0.10811083635196339,17,0
24,2020-01-03,38,89.65714369983698,8.265510741914643,5,0
64,2023-12-23,4875,92.68924608523335,8.009807004033648,14,1
99,2023-03-11,1256,62.09885651585227,1.0445451810015138,3,0
49,2021-01-10,7697,98.03134877565998,5.768573811327002,5,0
99,2020-11-19,2196,59.84628522267142,4.639816981668874,16,1
36,2020-05-25,7165,97.57149051809162,1.1870909550911146,18,0
82,2020-10-19,301,99.74096469829755,9.805682270607235,17,1
96,2021-03-07,7527,85.58614028730244,2.1469588746335546,11,0
24,2021-12-05,6381,99.0571865895911,0.6723418009056115,17,1
23,2022-08-06,646,78.47698897835518,5.948473795019096,16,1
62,2021-08-07,9951,62.97708915880452,7.3886667713303265,2,0
96,2021-02-02,8789,71.84979428328104,0.32443446047186963,4,1
37,2022-03-27,8853,79.6780467689393,6.587176387270222,7,0
12,2023-09-29,4330,53.65407810135075,5.322918759514544,2,0
55,2022-08-21,9560,81.1171632308623,1.0326500887504841,6,0
13,2023-03-09,7003,99.05889183811473,1.7252387694636206,17,0
23,2020-07-05,3537,59.50538248918638,5.679742973160805,7,1
89,2020-03-01,4558,89.62975581441916,2.9635761351328838,5,0
99,2022-07-27,6579,95.39493968898097,9.38315728651316,5,1
30,2023-11-04,8474,97.18507964101104,8.187402294840508,16,1
17,2021-12-10,9678,98.00678022027236,9.835672065136631,19,0
62,2022-03-17,4082,76.0729819360736,2.5967083895041396,9,0
84,2023-09-04,4183,98.86539539957519,9.69723632797977,5,0
89,2023-08-18,8652,87.86551035672194,4.312338697915578,8,0
86,2023-09-29,3754,58.083571811848095,3.4751879531375462,9,1
13,2020-01-11,1724,73.8450053233985,0.5034952696935324,5,0
59,2022-12-21,1376,85.9165587686002,0.5276525785960262,10,1
19,2020-08-13,8706,62.36701579095417,6.920112559466547,2,0
49,2023-03-22,8894,82.03075917744437,4.579289944340279,9,0
12,2021-07-17,1653,83.33002395233096,2.265216260361057,11,0
61,2022-02-10,2066,58.13498719042829,6.139703063252327,4,0
19,2023-08-26,22,78.25426562263782,2.528581182501112,2,1
76,2022-06-03,2460,88.58134554893039,5.776317543444226,6,1
9,2023-06-20,5926,74.9447832267971,3.5920874698269034,14,0
71,2023-10-21,6251,50.60515583880537,8.23552226611819,1,1
28,2023-09-15,9496,50.45192345396461,8.206961607667793,18,1
78,2023-02-04,7295,67.85146719850061,4.773503981224013,7,0
95,2020-08-13,3300,96.30970342158909,3.508191093350156,1,0
52,2022-04-04,6279,61.43383898018044,3.6255979655909454,1,1
83,2020-08-05,8553,81.71818444358436,8.05714525668218,1,1
16,2022-07-25,7353,61.103793534666025,3.28179482797612,4,1
69,2022-01-22,3727,66.08349948297743,2.09059373706846,4,1
99,2021-05-20,6272,92.4021044800742,0.8468834187530683,18,0
12,2020-09-15,5995,86.44307211349735,4.666931208844084,11,0
25,2020-02-23,9476,54.76996386566053,4.821320989198419,1,1
52,2022-12-06,514,71.43510104932167,8.409087104029071,10,0
85,2021-12-27,448,51.458488182263224,2.2123869644606398,9,1
53,2021-11-19,6019,74.04450733015045,3.809912736683999,4,1
23,2023-01-27,5343,83.1217005850534,8.084057388936909,6,0
16,2022-11-09,8033,55.92513117990758,8.236236107489734,16,1
57,2021-02-22,2520,64.44424694545829,3.846110759787682,2,1
39,2021-11-20,3081,69.89183127510785,4.591240232866809,18,0
53,2022-04-29,1428,95.97655123280248,3.0328589084928295,10,0
42,2020-03-02,3967,99.66275077114821,9.32554878419312,17,1
58,2023-03-14,6445,52.24556494978079,1.186437657415803,13,1
39,2020-08-03,9114,88.0503961747696,9.3374942300147,18,0
14,2020-01-03,2159,68.58620332011716,6.838664518353433,13,1
95,2020-06-08,5132,69.622909311474,5.315721526867312,17,1
5,2022-02-19,2547,87.71324866735114,0.32659060784495875,5,0
35,2023-02-17,2979,95.92132160727044,4.755961918220083,11,0
87,2022-06-11,2649,97.54642972512741,4.077481050027323,7,0
93,2023-01-17,8505,78.85612930191604,1.6121881197512256,10,0
75,2020-11-24,3083,67.85605796502514,6.564096035006569,17,0
18,2021-08-02,1037,89.37745429293896,9.711509073682858,15,0
76,2023-10-12,3489,62.55006916311501,5.621888110645251,18,1
9,2023-07-14,7604,78.20370144167589,7.147532764439458,19,1
74,2022-08-09,7544,67.92892307624366,0.6845045256601678,2,0
58,2023-09-08,2634,82.8315536853938,4.176669958169947,4,0
17,2021-09-26,3983,62.019945644675346,1.1635848516449587,3,1
7,2022-09-14,1778,59.57964728674129,6.127958355365104,7,1
46,2023-05-03,7902,95.91195433377186,9.384821582141546,18,1
13,2022-07-09,5110,55.09018414747685,6.617777324716386,10,0
40,2022-01-07,5189,75.29789538674657,0.7680304831442153,7,0
42,2023-09-17,7378,61.04263914815044,3.5466620498508283,8,1
9,2020-06-18,1124,51.94649816628337,5.506633794408515,6,0
50,2021-06-04,697,51.80094091457132,4.032077561332522,1,0
27,2020-02-09,2179,58.76108860529136,8.336440104751723,4,0
66,2023-07-08,9596,93.33851772530002,8.146710047099893,14,1
5,2023-11-19,5251,64.12393719885134,6.118310201032214,17,1
29,2022-08-12,9235,97.52295852876479,3.7345794513270523,18,0
37,2023-06-03,1929,79.08111464945968,2.5533637376324414,11,0
38,2022-09-10,1013,71.8307094884383,1.0587431821312931,14,0
83,2023-02-21,226,79.00444173347273,3.5489768348655404,9,0
8,2022-09-01,7321,75.83491926131339,4.1317251720771955,15,0
65,2020-02-07,1828,87.93881268786626,6.758229251040736,12,1
86,2020-11-23,7909,64.12480329864262,6.581598242975735,10,0
17,2023-06-28,5588,67.65251958001512,0.7010813964125695,19,0
71,2023-04-14,2023,94.70471512666253,3.952593154311578,19,0
89,2022-07-02,4966,97.32282565752027,1.8177886721736192,6,1
45,2021-03-29,5891,94.62791137432373,1.568127053168057,6,1
4,2020-02-06,1080,70.97239969786568,8.27302149737246,8,0
36,2023-09-01,5036,89.01827515034408,0.4191521671625753,1,1
70,2022-08-30,2563,73.81678666505493,4.191828759021213,17,1
31,2022-03-06,3292,74.87699260730511,1.682036557665182,17,1
19,2022-08-30,3586,60.234005452864196,8.79330215678474,15,1
61,2021-08-15,4431,79.55651516292582,5.570405132750351,7,1
54,2023-02-11,6841,59.306794887667394,2.3138063637684803,19,1
39,2022-11-29,6643,66.5782349533597,5.024272871663764,3,0
91,2023-08-17,3959,92.75151008099675,7.314863597031158,11,1
74,2020-08-11,161,60.35379046054276,9.581180089194337,19,1
90,2020-11-13,593,53.557914258671644,2.2044600424541896,9,0
19,2020-12-14,3390,53.45037963064082,8.861817721293452,10,0
39,2020-04-24,5997,97.03922602515539,9.343041141674902,2,0
67,2021-11-28,6354,75.34602189809173,9.164205445320663,1,0
45,2023-09-08,663,70.47060359085091,6.354143568619098,16,1
13,2022-11-29,9324,90.54392905039592,6.298206544347077,18,1
92,2020-02-09,541,91.79129639552579,4.032106331838228,17,1
58,2023-08-05,5433,66.60955165578022,7.523978823037879,6,1
20,2023-07-09,5093,84.68090287368976,5.312940183509319,14,0
92,2020-08-03,867,88.55614079259433,6.7743807122829445,15,1
72,2023-03-16,8623,82.73253434329773,4.284579038487955,14,1
61,2020-12-01,5469,57.57975374000497,7.31496464043139,3,0
39,2023-04-06,6256,93.79415417585285,8.24471517604549,19,1
1,2020-04-01,9398,76.95472763680044,1.4643625660281612,12,1
3,2020-12-18,1169,64.12362131850018,8.32929715574228,2,1
77,2021-07-24,830,71.2614092718847,5.402965317903073,3,1
92,2022-03-26,1651,51.87855451994537,8.446659090902243,18,0
62,2022-02-19,1136,56.39334006112088,4.313017063410146,1,0
63,2020-12-28,2810,88.27733752579304,3.79040485383035,6,0
25,2021-07-10,8667,50.00058173776831,9.150607325172224,5,0
56,2023-09-30,9518,70.82829142411461,2.5116926754840128,1,0
33,2023-04-08,1019,76.12550905427942,8.442123252861432,19,1
38,2020-12-21,5237,52.731721000048616,4.840205725094041,1,1
6,2020-07-09,1283,98.65390814861664,5.140954425512597,16,0
58,2021-02-25,659,61.3062665624836,3.0846828148948404,12,0
44,2021-11-30,2010,65.20993598181404,5.730422006190157,8,0
45,2020-01-07,8590,65.19712561275136,3.252111962762113,16,1
32,2020-05-12,1733,61.520833105867496,0.3926941424165231,1,0
45,2021-07-10,2125,50.07369110431557,2.7199860534435603,4,1
61,2022-04-05,2171,86.46723970439982,0.06379043406590679,10,1
47,2022-01-30,8266,98.34227498996427,9.783547870568567,11,1
21,2022-11-20,3471,61.21467416425225,9.657472098197475,17,1
80,2021-06-18,9028,83.15235959017113,3.9515529747230502,7,0
85,2021-03-01,5624,87.09481634793576,7.28370854339646,12,1
75,2023-11-18,8691,92.42126895452623,3.45806098410425,7,1
36,2021-11-02,8329,71.13145985068046,6.710931570859761,12,0
99,2020-12-28,2097,65.14654528202146,8.05430043045979,15,1
19,2020-03-22,5068,66.26475670115155,9.467562446922408,2,1
20,2020-12-21,6397,85.63106665492563,4.00212275849672,14,1
57,2023-07-05,2757,90.8389733252818,7.832979829560477,13,0
18,2021-08-11,3920,59.08069838783013,2.659284506321188,4,1
47,2020-10-21,8186,68.54705040788826,9.903323037936483,14,1
49,2023-06-01,1900,95.0970098374575,0.2576959876435114,14,0
14,2022-12-05,2610,90.33467598473696,6.035288065011209,16,0
15,2023-02-10,6900,99.2429201381238,6.595059816513271,7,1
31,2023-06-10,1449,87.71241298410403,6.880455570741288,19,1
1,2020-01-17,8738,69.65976005139612,1.2038757878908901,2,0
54,2020-12-25,5017,79.53189169973189,9.385297834731304,10,1
3,2023-05-31,7999,83.05071271236602,1.811832790500828,18,0
16,2022-05-15,6052,53.922790815856196,6.2275340323984105,17,1
87,2021-11-30,2096,77.22484795519325,2.2267607912308494,5,0
57,2021-03-23,8895,85.46604142363049,3.0721641702127087,12,1
75,2022-05-05,6404,58.366065200053015,5.464585417281244,6,0
12,2020-12-30,9817,89.03158587127785,4.171934185645765,9,0
74,2021-11-05,3331,79.18863902570558,1.6022560097650629,1,0
96,2022-10-04,7462,97.61108928487974,1.7093640242084829,15,0
16,2023-09-11,5105,52.12111491034459,4.181447881627997,6,0
72,2021-04-11,2978,63.266306877773346,7.572829782755007,19,1
76,2021-02-17,2839,80.0776939649912,8.979646468477885,18,1
24,2021-08-08,3384,64.82799561029654,0.8412766225938284,6,0
28,2023-06-10,685,85.72120820356211,3.9310390755940103,13,1
8,2023-06-01,7531,87.95026412609656,1.0024556372287663,1,1
92,2022-09-20,4283,55.125798203323725,0.16592480632597884,13,1
36,2023-12-06,7736,75.69272321033839,6.617186826439566,7,1
90,2021-07-25,7710,75.4445277795528,6.024494419665878,15,1
8,2020-11-30,1619,68.46403851077706,1.630191138148862,12,1
58,2023-05-30,6868,96.6462431284836,2.3381283309306413,1,0
60,2020-02-06,1431,91.37531599366106,0.2370775364451838,15,1
50,2022-09-15,9067,84.86046909548185,8.349472056944037,4,1
28,2020-10-04,4713,85.71633178674988,9.746905960485515,13,1
92,2023-05-04,9557,73.08580719065596,1.354595367946908,5,0
41,2022-07-04,9435,96.0497260548288,2.314752137652981,2,1
64,2021-04-28,4998,84.72977136266427,8.68409523946934,1,1
27,2023-06-19,162,86.44905308279081,9.264637979561849,16,1
63,2023-09-09,1974,93.08454518936726,4.196273828068104,6,0
17,2021-12-31,3291,63.70357946710955,0.5062247226907413,16,1
73,2020-07-10,8461,90.35354519333515,0.393918336928194,14,0
33,2022-11-06,631,59.7620301478246,5.739498660690105,3,1
84,2021-06-07,905,67.26709761224438,3.9289510889317905,15,0
77,2022-07-06,2014,66.78052271349213,0.28652427577654516,3,0
92,2021-02-04,9833,98.92627341945703,5.832523923125567,2,0
29,2022-06-04,7896,92.82686118739633,0.11302536589022472,1,1
13,2021-12-05,204,85.05849307951298,7.87371958149273,9,0
46,2020-01-22,581,86.35283808076952,3.064328227033716,9,0
35,2021-04-18,5675,78.10363972012856,0.402580030092321,7,0
6,2023-02-17,9032,97.35453335542596,5.883522209831533,3,0
82,2020-07-28,5347,74.81293764411808,3.976844144330547,18,1
69,2020-11-01,9911,69.02588549349473,9.738004133571495,11,1
47,2023-07-17,2643,58.15176684657955,5.441986625037022,7,1
25,2021-12-04,8017,89.31028261305289,2.752391810370083,9,1
66,2021-11-17,2297,86.72219660377957,7.094388646339747,1,0
10,2020-10-11,874,69.21775192620674,2.714920025427113,14,1
56,2021-12-16,5560,51.25967069796147,9.04243291407565,6,0
30,2022-02-01,689,91.94986638590053,3.747219705073764,7,1
5,2023-06-04,4000,50.57089917270368,5.498685627762052,10,1
33,2022-08-05,9614,85.18498898145255,0.5057310382422886,7,1
65,2021-01-15,671,98.51285548630285,4.261212379522307,2,0
18,2021-04-04,7927,71.88306640741017,8.32363539660995,4,1
96,2022-10-27,1171,61.74867024979764,8.05648805363342,17,1
49,2020-01-29,5591,85.24355050216909,2.2431855885352627,1,1
11,2022-06-25,9135,90.85640710077925,2.260790710105627,10,0
85,2022-11-22,6342,77.32151580389237,8.173053122132368,19,1
26,2022-05-28,1449,98.35176376280731,9.303984201693256,15,1
63,2020-03-19,2539,52.583436082898054,0.9536092127300355,10,0
89,2022-08-04,3959,75.2397799152264,4.500586394262252,19,0
86,2021-04-03,6285,85.9226973661275,3.3745427896422897,12,1
59,2021-07-23,5432,93.13202355745895,8.706884554574394,16,1
27,2023-12-24,4260,58.9627805953895,0.8352491468001877,9,1
49,2022-01-07,2361,90.00017408818407,2.111259425580374,15,0
77,2023-08-01,6164,77.63535378592726,7.524683375864943,17,0
33,2021-05-30,3670,69.82768409949816,0.5129384898121558,14,0
98,2023-01-27,1753,56.58575142895468,4.925353807142892,18,1
99,2021-01-31,8100,93.26478794544562,4.4210703467972,2,0
1,2020-02-08,1938,57.863660408985766,3.3440117898874866,4,1
21,2023-07-18,8562,65.48939296045496,3.945723153189238,18,0
55,2022-06-05,5976,64.50227659812184,5.29940586930233,7,0
6,2022-03-07,6588,93.57070170954272,1.6136735838838312,13,0
92,2020-06-05,8616,83.63514971044489,5.719958782835928,15,1
81,2023-01-03,6304,89.83406985956861,8.054323292999863,1,1
69,2022-06-02,7345,62.52339493962495,7.60160929790159,11,1
95,2023-02-27,7875,81.24370498034995,1.5389990469377368,10,1
5,2022-08-31,9086,78.58729915718743,1.492494697414739,5,0
3,2023-01-12,6633,91.64151883941355,2.6817436774491332,16,1
53,2022-11-11,597,95.30435302406303,3.610747263410372,11,0
23,2022-04-28,3062,50.60783857386934,4.084555814084826,6,1
53,2023-11-06,2336,83.70099595293964,6.796972168333452,9,1
37,2022-01-17,9879,52.59178995598645,0.566804321658354,13,0
74,2022-09-15,572,77.44293325386779,0.34672704226066386,8,0
74,2020-01-21,7521,64.38163645218391,3.9191056294390902,14,1
83,2020-10-29,6171,65.33882997610706,6.971636921379805,1,1
17,2022-05-18,7097,67.64792517261783,1.9343534295648257,17,0
85,2020-03-24,2090,81.0646224524805,6.415044812562517,5,0
78,2023-11-11,6566,66.70249828343846,2.5982813794029944,2,0
73,2023-07-04,4624,86.63495252951401,8.860861088135163,9,0
1,2021-07-23,1633,70.22636927869348,8.956899442666165,4,0
51,2022-07-22,1517,53.41766001549793,2.9728720428132647,17,1
45,2023-03-31,3648,89.18799212420537,2.2999375396324053,17,1
77,2023-04-01,1537,64.2879162296353,4.113039720662313,18,1
4,2022-10-05,3137,71.63834397996314,2.405315851801487,16,1
62,2022-03-03,6985,84.27219416109509,6.723838432917036,8,0
65,2022-03-02,97,66.6228078574356,8.260646845482855,11,0
32,2023-07-18,3750,52.82928280733578,6.73092130911217,18,0
34,2021-05-06,8535,68.69605235064068,8.243504472493495,10,1
92,2020-07-26,8174,97.22242913471517,3.9699216220747413,13,0
95,2022-12-19,8103,82.08671986492791,1.5631697070886086,17,0
72,2021-03-05,5413,83.57395743336035,7.379509473975921,18,1
39,2022-09-11,4666,81.61410768188199,3.604745051415539,10,1
26,2023-08-25,610,59.94960694797184,6.712708252291325,16,1
34,2021-06-03,1727,70.916693205114,2.7064394198176567,5,0
54,2021-08-13,1854,87.5469899181659,0.8122963480667267,13,0
3,2022-11-16,5055,55.06864487765796,9.925817954877633,18,1
50,2020-07-17,2324,63.892638804485614,1.5620150793059928,17,1
12,2021-01-21,9369,63.81595542329268,9.884209939634811,9,0
65,2020-12-14,9283,71.6009463797253,9.772799325664472,14,1
54,2022-08-17,5774,99.01843704710924,7.938181039080396,17,0
5,2021-11-23,6519,53.3751273341911,6.594229620819975,4,1
94,2021-01-12,1749,75.93504971902975,5.778070502510847,18,1
94,2022-06-17,781,58.96823410061052,8.661015453778347,15,1
57,2022-07-04,7548,98.53382727048721,2.894395216194879,11,0
17,2021-06-10,6823,55.66517523637321,4.67681212484877,12,0
47,2023-03-22,2105,70.18005011807956,6.193899693665019,9,1
23,2022-01-03,3867,86.89424924173031,4.1119047586949105,13,0
79,2020-07-24,7193,85.22772140137226,4.27486454090268,15,1
85,2021-03-30,4976,71.13643184469662,3.3028466750208443,15,1
14,2023-07-20,2113,67.32620839763591,5.64231816684536,5,0
66,2023-06-13,5879,69.88061892764352,8.50574528015116,19,0
75,2021-06-04,3970,63.213813157931966,2.0152837800631285,14,0
51,2022-10-13,9259,60.26664693533999,9.344330387534415,17,0
38,2022-08-13,7264,74.1519848779445,6.8908765374822964,18,1
64,2021-12-26,1577,63.42668780338037,8.232732126800302,3,0
98,2022-10-10,9203,64.3730832448625,5.561906926300116,2,0
38,2021-05-15,2274,82.83780317372785,7.795167014240635,1,1
50,2020-04-26,4869,98.42686658499461,0.1620039733946721,10,1
98,2021-01-20,6744,80.18186002796875,8.183804247795353,19,1
82,2023-09-29,2426,53.84897335324831,0.4013885908536652,17,1
30,2021-08-06,5546,53.77918069270335,8.899133763628624,12,0
79,2021-01-29,6852,97.5711610422783,9.919627472386432,1,0
91,2022-12-23,2551,64.86453951536669,2.940674621767778,12,1
51,2021-12-21,6411,54.60334930412377,2.1031855628579366,17,1
63,2020-03-12,7,79.95222935751907,7.653633638580407,3,0
98,2020-09-30,8087,81.18243891451331,2.530263409202532,11,0
52,2023-09-05,2555,82.42524100593441,8.655623831722036,17,0
38,2020-12-03,475,63.37010139287706,1.028425921574767,3,0
97,2023-10-21,5416,50.75553421072375,1.2595519637935826,8,0
88,2021-08-29,8676,98.25076847272359,9.791515551006157,4,1
79,2020-06-14,7239,62.54465228455513,6.738388982700046,7,1
30,2020-01-11,6710,83.80131440262738,8.468872244289528,14,1
51,2023-08-17,5000,85.33149349393548,3.2432937735151803,14,1
81,2021-12-29,4654,80.50037085397429,6.764837495206044,4,0
5,2022-03-11,8078,65.64536971068242,5.942418273085972,16,1
29,2020-04-11,6063,63.554812688203285,6.03150120122947,1,0
4,2023-12-19,2285,79.88341413513515,6.825324595377216,17,0
10,2023-11-16,5223,93.30478168058457,5.753591731290985,10,0
56,2022-02-17,6971,97.33668644616978,4.290623693026659,16,0
17,2020-08-01,3525,55.29529022018788,2.7592269438054684,16,0
74,2023-01-16,2822,57.74143062988599,7.68581330913202,8,0
17,2021-02-04,4943,97.23681293915399,2.262724300031862,7,0
84,2021-08-10,6530,86.82676141673963,6.923543061544142,6,1
88,2022-06-07,258,94.14969124148865,2.3333282264932667,16,0
69,2022-12-05,282,60.13163170676716,6.253301699544539,16,1
34,2021-08-14,1898,79.3792935554701,7.470782671290289,7,1
6,2023-08-26,4135,85.05697972087368,2.187138889065392,9,0
53,2023-01-14,6629,84.00559427234863,0.5994330086130828,14,0
66,2020-04-01,3200,70.4075845433349,1.3097374299417408,11,1
77,2021-11-03,5110,50.76974458456542,6.059969672710254,14,1
43,2021-12-14,7167,79.14630284021315,8.494464062257356,7,1
75,2022-07-24,612,62.65507695898044,0.44996821235424367,1,1
23,2020-08-29,687,72.51271230714451,7.341512590416462,13,0
55,2020-01-02,3690,97.87905075419087,3.4131864595005212,3,0
80,2020-08-12,8804,69.95176588212173,4.785283699195225,4,0
95,2022-03-11,2307,91.99008033322133,9.288595498455656,11,1
75,2021-08-11,7133,59.42703028746256,3.3197150473584545,2,0
16,2020-04-25,6509,83.62302490125144,4.65336933939486,14,1
8,2022-07-06,9973,98.85034772194717,0.13682414760681105,12,0
4,2023-01-31,5906,55.09465504364684,0.8159872000483837,17,1
4,2020-07-12,2591,50.4159971113596,2.5859159113478403,12,0
56,2023-04-04,7183,71.67913963163072,0.27852240821074403,12,0
25,2022-05-20,5248,54.63127415256836,6.3137532604825095,1,1
67,2020-03-30,8766,87.41921748381156,4.263983568016226,13,1
96,2020-05-01,5108,95.72743319242795,5.48145202728022,14,1
67,2020-05-22,3604,71.70104863543794,1.7464718589632955,2,1
27,2022-09-20,669,62.93558210777205,2.959320294366161,12,1
93,2020-04-15,4364,71.72016595033048,6.638244748527251,16,0
32,2022-06-05,7329,86.17239089250005,9.653027236303998,4,1
50,2021-03-03,1283,50.45270807901855,0.504167736022092,8,0
61,2023-08-21,923,79.47269947423486,8.903843208552662,2,0
51,2020-11-12,1125,80.66458424436895,5.768812013112084,10,0
19,2021-09-26,1529,81.88441234479677,5.639195667556237,9,0
21,2020-01-09,9786,62.10110399904386,5.002785352077604,15,0
5,2022-02-12,8438,85.70263616890634,0.6939408590418339,13,1
82,2023-01-01,3711,54.56957431658882,0.8987685173616067,17,1
92,2023-10-14,8004,59.96351682334004,6.009120056590861,16,0
42,2020-08-10,9752,93.87350233272409,3.409585714355583,2,0
61,2023-12-10,6274,86.93615753632832,9.172680665776806,14,1
22,2021-07-06,3864,50.687277700567265,4.065905373594722,3,1
21,2023-10-25,7833,62.41881301849001,1.4328145870264108,12,0
70,2021-12-16,6788,60.720324149658225,7.14718833502036,8,1
1,2023-07-11,226,63.54031640184863,2.9335342144100984,2,1
5,2023-09-03,264,62.377988513994325,5.2547030735589315,4,1
12,2023-01-12,9587,53.126314787142285,6.978327855051701,14,0
90,2023-09-03,645,72.94702582984101,9.002641112020704,16,1
46,2020-04-20,7544,86.63667373930826,7.921911948016761,19,0
34,2020-09-07,5569,80.33658623587182,6.763610678727241,2,0
49,2021-01-17,2990,83.643583429904,6.796331823951435,12,0
78,2020-01-07,2504,54.05745892681196,9.459246440320864,14,0
90,2021-04-03,9346,97.57453550883936,2.9582409749653604,6,0
45,2023-01-12,587,91.92459169215124,0.011120941961874076,13,1
27,2020-07-26,9177,90.25451592478314,2.719545593981987,4,0
73,2022-06-18,4079,91.14919025208837,2.17891379626744,18,0
26,2023-11-14,3348,96.63552540663807,6.618345851139981,12,0
47,2023-08-30,6299,77.21269830568488,6.337115997655291,19,1
86,2020-01-22,3831,60.0141008933813,5.934613827047238,8,1
56,2021-02-13,9433,80.83918039262706,0.162434432094537,7,1
94,2022-06-13,8381,87.14407468339695,7.287780544506475,16,1
63,2021-05-29,9172,86.89586966770128,3.235304124854915,19,1
48,2023-02-24,9890,76.072451208344,6.650559890066311,6,1
61,2022-03-19,1715,53.42293596667891,5.565784285021533,11,1
81,2022-05-23,6450,68.5556469215064,3.4273092542790717,5,0
26,2020-01-14,5433,96.03833042316786,1.3457626710410775,16,0
36,2022-08-28,1098,79.2224454878713,0.9441889766048095,7,1
1,2022-09-04,7096,76.91659716278568,8.315183331122235,5,0
8,2022-10-10,2326,63.44267571910967,9.18397542081558,11,0
99,2022-11-01,9087,68.42244599582895,6.497880467642996,15,1
52,2020-03-27,6416,94.76730445765847,1.0343411486048337,3,0
79,2022-06-27,6980,83.3231523763418,4.020272168882407,5,0
47,2023-08-17,6763,89.36935133761665,7.2893920010515725,5,1
56,2023-06-20,1674,72.71727115338275,7.798208840100681,9,0
86,2020-05-01,7950,81.5123609728079,1.182186222910886,15,1
14,2023-03-16,9122,62.41918043716038,0.0003071884538241587,3,1
90,2022-01-19,8915,85.27304151417431,7.12137045880605,6,0
28,2023-10-11,6049,71.38006668516687,3.5659617598620565,17,0
87,2021-11-15,1089,72.12727574073728,2.5448133161826023,8,0
78,2020-11-04,4578,82.46611622884409,0.1289746978952544,11,1
88,2021-11-25,9127,96.81403107344633,5.402994067614997,6,1
2,2020-10-14,155,53.20031733043105,8.511507354259818,8,1
26,2020-11-02,9262,91.23716186735038,9.57631646272588,10,0
14,2022-07-02,1958,64.61915552060965,5.657449506132892,3,0
59,2021-10-23,6344,72.1959727253189,5.144613277398942,14,1
56,2021-07-02,5779,51.09566643875045,0.850563854892411,14,0
7,2023-10-07,6144,65.05230389171565,5.488728015425997,10,0
3,2020-11-07,5063,75.13156213150653,3.7997907896539465,12,1
23,2022-05-22,3830,52.80880386737195,6.071352808835769,6,1
18,2022-12-18,9046,74.55478646915826,3.887263478765467,12,0
38,2022-07-12,8831,96.35553144292138,2.4029912345036673,14,1
99,2022-01-24,9794,55.26966090539026,0.949652752283765,2,0
15,2020-02-04,6659,88.22203640377522,3.1491844458889573,9,1
64,2021-03-20,441,70.48355266879963,0.9664483428775228,10,1
89,2020-04-02,6040,82.7586857262169,1.7689695082398393,17,1
28,2023-05-15,5925,63.01182989926147,9.87336158579546,17,0
74,2020-12-18,7358,57.97461312706791,4.4410355690661865,3,0
39,2022-06-21,4628,58.02313071356132,5.3187176650501655,19,1
57,2023-09-17,6370,53.52459728215723,8.736185287372153,1,1
17,2022-05-11,9528,59.28233524506215,9.955689004906878,12,1
86,2020-06-07,948,83.21096924944841,5.8271444934468155,7,0
90,2022-08-14,8179,94.08453059217541,8.124738210441716,4,1
44,2020-01-24,6115,90.70628427955809,3.2694102433667527,10,1
25,2021-02-07,459,84.25671549372422,3.057439574472911,13,1
17,2022-03-15,7568,55.521593170555136,4.027037209945602,2,1
13,2021-05-30,4646,64.45937231479749,6.725072626736491,10,0
84,2022-01-01,392,65.49034376612344,6.821916892550988,4,0
25,2023-10-19,1787,62.49784731988106,3.152394346494508,18,1
68,2023-11-06,7374,75.75028298548615,1.3320992413662869,5,0
10,2021-06-15,1138,76.77769074398363,6.323962564655085,19,0
67,2022-08-13,4741,67.84429875855551,1.2832586218876452,2,0
18,2020-05-31,7418,67.6894579368218,5.7849250822933005,12,1
86,2022-08-04,6362,91.42777989530407,6.93422128056309,17,0
34,2021-08-30,2454,89.46464241598429,7.006114963944516,10,0
8,2021-02-23,9658,65.38979158403728,7.534721106595967,2,0
40,2023-06-27,3674,95.68942219366296,8.728594215656646,6,1
83,2023-02-14,1377,97.6407508501253,4.999589919647884,8,1
42,2022-05-15,6701,66.33712710150203,7.302491895295712,19,0
41,2021-07-31,2597,67.72124743965274,6.191727353658367,11,0
6,2020-11-30,141,75.28170767109793,1.8663993979768256,12,1
52,2023-12-12,2659,97.05604062668368,0.2568964486940817,9,1
26,2022-07-20,4596,93.81597165711557,2.845413856769338,2,0
